openDate,fundingRate,indicativeFundingRate
1660780800,7.171e-05,0.0001
1660867200,-6.746e-05,0.0001
1660953600,-4.567e-05,0.0001
1661040000,-3.234e-05,0.0001
1661126400,4.021e-05,0.0001
1661212800,8.46e-06,0.0001
1661299200,-3.538e-05,0.0001
1661385600,4.481e-05,0.0001
1661472000,2.599e-05,0.0001
1661558400,-4.396e-05,0.0001
1661644800,-2.443e-05,0.0001
1661731200,-6.193e-05,0.0001
1661817600,-5.903e-05,0.0001
1661904000,4.95e-05,0.0001
1661990400,3.63e-05,0.0001
1662076800,4.443e-05,0.0001
1662163200,1.115e-05,0.0001
1662249600,2.119e-05,0.0001
1662336000,4.712e-05,0.0001
1662422400,3.473e-05,0.0001
1662508800,-3.48e-05,0.0001
1662595200,5.667e-05,0.0001
1662681600,0.0001,0.0001
1662768000,0.0001,0.0001
1662854400,6.712e-05,0.0001
1662940800,0.0001,0.0001
1663027200,0.0001,0.0001
1663113600,1.004e-05,0.0001
1663200000,8.13e-06,0.0001
1663286400,2.919e-05,0.0001
1663372800,1.467e-05,0.0001
1663459200,3.564e-05,0.0001
1663545600,6e-06,0.0001
1663632000,1.721e-05,0.0001
1663718400,2.732e-05,0.0001
1663804800,7.743e-05,0.0001
1663891200,-5.008e-05,0.0001
1663977600,5.345e-05,0.0001
1664064000,2.593e-05,0.0001
1664150400,4.497e-05,0.0001
1664236800,8.538e-05,0.0001
1664323200,5.332e-05,0.0001
1664409600,6.685e-05,0.0001
1664496000,0.0001,0.0001
1664582400,7.005e-05,0.0001
1664668800,5.384e-05,0.0001
1664755200,0.0001,0.0001
1664841600,0.0001,0.0001
1664928000,0.0001,0.0001
1665014400,0.0001,0.0001
1665100800,7.513e-05,0.0001
1665187200,4.149e-05,0.0001
1665273600,1.951e-05,0.0001
1665360000,0.0001,0.0001
1665446400,0.0001,0.0001
1665532800,0.0001,0.0001
1665619200,3.936e-05,0.0001
1665705600,8.395e-05,0.0001
1665792000,4.563e-05,0.0001
1665878400,3.394e-05,0.0001
1665964800,6.458e-05,0.0001
1666051200,0.0001,0.0001
1666137600,0.0001,0.0001
1666224000,2.095e-05,0.0001
1666310400,-8.9e-06,0.0001
1666396800,-3.19e-06,0.0001
1666483200,5.174e-05,0.0001
1666569600,2.328e-05,0.0001
1666656000,-1.66e-06,0.0001
1666742400,6.122e-05,0.0001
1666828800,1.376e-05,0.0001
1666915200,-2.629e-05,0.0001
1667001600,4.205e-05,0.0001
1667088000,5.135e-05,0.0001
1667174400,-4.34e-06,0.0001
1667260800,1.302e-05,0.0001
1667347200,6.046e-05,0.0001
1667433600,6.94e-05,0.0001
1667520000,6.899e-05,0.0001
1667606400,0.0001,0.0001
1667692800,6.866e-05,0.0001
1667779200,0.0001,0.0001
1667865600,9.446e-05,0.0001
1667952000,-0.00032976,0.0001
1668038400,-0.00023833,0.0001
1668124800,-5.802e-05,0.0001
1668211200,6.521e-05,0.0001
1668297600,2.816e-05,0.0001
1668384000,-1.132e-05,0.0001
1668470400,2.275e-05,0.0001
1668556800,-6.617e-05,0.0001
1668643200,-2.701e-05,0.0001
1668729600,9.55e-06,0.0001
1668816000,-1.169e-05,0.0001
1668902400,-9.79e-06,0.0001
1668988800,2.302e-05,0.0001
1669075200,7.881e-05,0.0001
1669161600,-3.9e-06,0.0001
1669248000,6.272e-05,0.0001
1669334400,1.329e-05,0.0001
1669420800,3.523e-05,0.0001
1669507200,3.784e-05,0.0001
1669593600,2.1e-07,0.0001
1669680000,4.76e-05,0.0001
1669766400,3.404e-05,0.0001
1670976000,0.0001,0.0001
1671062400,5.18e-05,0.0001
1671148800,-1.987e-05,0.0001
1671235200,9.707e-05,0.0001
1671321600,-6.47e-06,0.0001
1671408000,4.496e-05,0.0001
1671494400,3.401e-05,0.0001
1671580800,7.582e-05,0.0001
1671667200,7.198e-05,0.0001
1671753600,8.903e-05,0.0001
1671840000,6.222e-05,0.0001
1671926400,3.06e-05,0.0001
1672012800,2.871e-05,0.0001
1672099200,1.951e-05,0.0001
1672185600,2.111e-05,0.0001
1672272000,0.0001,0.0001
1672358400,0.0001,0.0001
1672444800,0.0001,0.0001
1672531200,6.91e-06,0.0001
1672617600,2.67e-05,0.0001
1672704000,3.322e-05,0.0001
1672790400,4.931e-05,0.0001
1672876800,7.264e-05,0.0001
1672963200,8.658e-05,0.0001
1673049600,0.0001,0.0001
1673136000,7.452e-05,0.0001
1673222400,9.05e-06,0.0001
1673308800,3.129e-05,0.0001
1673395200,-2.11e-06,0.0001
1673481600,0.0001,0.0001
1673568000,7.16e-05,0.0001
1673654400,0.00045847,0.0001
1673740800,0.00019892,0.0001
1673827200,0.0001,0.0001
1673913600,0.0001,0.0001
1674000000,0.0001,0.0001
1674086400,0.0001,0.0001
1674172800,0.0001,0.0001
1674259200,0.0001,0.0001
1674345600,0.0001,0.0001
1674432000,0.0001,0.0001
1674518400,0.0001,0.0001
1674604800,0.0001,0.0001
1674691200,0.0001,0.0001
1674777600,0.0001,0.0001
1674864000,0.0001,0.0001
1674950400,0.0001,0.0001
1675036800,0.0001,0.0001
1675123200,0.0001,0.0001
1675209600,0.0001,0.0001
1675296000,0.0001,0.0001
1675382400,0.0001,0.0001
1675468800,0.0001,0.0001
1675555200,0.0001,0.0001
1675641600,0.0001,0.0001
1675728000,0.0001,0.0001
1675814400,0.0001,0.0001
1675900800,0.0001,0.0001
1675987200,0.0001,0.0001
1676073600,5.241e-05,0.0001
1676160000,2.27e-05,0.0001
1676246400,0.0001,0.0001
1676332800,0.0001,2.409e-05
1676419200,0.0001,0.0001
1676505600,0.0001,0.0001
1676592000,0.0001,0.0001
1676678400,0.0001,0.0001
1676764800,0.0001,0.0001
1676851200,0.0001,0.0001
1676937600,0.0001,0.0001
1677024000,0.0001,0.0001
1677110400,0.0001,4.978e-05
1677196800,0.0001,1.219e-05
1677283200,0.0001,7.378e-05
1677369600,0.0001,8.133e-05
1677456000,0.0001,3.414e-05
1677542400,0.0001,2.24e-06
1677628800,0.0001,8.612e-05
1677715200,0.0001,0.0001
1677801600,0.0001,5.37e-06
1677888000,0.0001,1.883e-05
1677974400,0.0001,4.066e-05
1678060800,0.0001,1.226e-05
1678147200,0.0001,2.956e-05
1678233600,0.0001,0.0001
1678320000,0.0001,-8.822e-05
1678406400,0.0001,2.392e-05
1678492800,0.0001,3.57e-06
1678579200,0.0001,0.0001
1678665600,0.0001,0.00015295
1678752000,0.0001,0.0001
1678838400,0.0001,0.0001
1678924800,0.0001,3.285e-05
1679011200,0.0001,0.0001
1679097600,0.0001,0.0001
1679184000,0.0001,0.0001
1679270400,0.0001,8.078e-05
1679356800,0.0001,3.11e-06
1679443200,2.48e-06,2.48e-06
1679529600,0.0001,0.0001
1679616000,0.0001,-2.63e-06
1679702400,2.92e-06,8.8e-07
1679788800,3.634e-05,2.88e-05
1679875200,-3.96e-06,-1.37e-05
1679961600,7.531e-05,6.117e-05
1680048000,0.0001,7.045e-05
1680134400,1.123e-05,-2.694e-05
1680220800,0.0001,0.0001
1680307200,8.84e-05,4.516e-05
1680393600,4.514e-05,1.746e-05
1680480000,5.688e-05,-6.08e-05
1680566400,-1.276e-05,2.754e-05
1680652800,5.265e-05,1.442e-05
1680739200,-2.975e-05,9.37e-06
1680825600,1.055e-05,3.36e-06
1680912000,3.192e-05,9.27e-06
1680998400,-8.53e-06,0.0001
1681084800,6.167e-05,0.0001
1681171200,0.0001,9.59e-05
1681257600,1.747e-05,6.66e-05
1681344000,0.0001,-1.06e-06
1681430400,3.42e-05,-5.071e-05
1681516800,0.0001,7.144e-05
1681603200,0.0001,0.0001
1681689600,0.0001,4.649e-05
1681776000,6.772e-05,0.0001
1681862400,-8.1e-07,8.579e-05
1681948800,5.898e-05,6.372e-05
1682035200,0.0001,0.0001
1682121600,2.09e-05,3.703e-05
1682208000,2.369e-05,4.691e-05
1682294400,2.63e-05,5.098e-05
1682380800,8.541e-05,4.39e-05
1682467200,0.0001,2.518e-05
1682553600,3.265e-05,0.0001
1682640000,4.476e-05,8.6e-07
1682726400,7.826e-05,3.152e-05
1682812800,6.078e-05,2.429e-05
1682899200,5.66e-06,9.68e-06
1682985600,1.204e-05,8.568e-05
1683072000,5.701e-05,0.0001
1683158400,4.314e-05,3.708e-05
1683244800,8.548e-05,0.0001
1683331200,0.0001,4.321e-05
1683417600,6.046e-05,7.27e-06
1683504000,3.902e-05,5.099e-05
1683590400,3.78e-06,3.851e-05
1683676800,3.792e-05,1.58e-05
1683763200,5.207e-05,3.675e-05
1683849600,2.762e-05,-1e-07
1683936000,4.494e-05,1.715e-05
1684022400,3.537e-05,4.452e-05
1684108800,-1.9e-06,8.642e-05
1684195200,5.8e-05,8.371e-05
1684281600,4.461e-05,0.0001
1684368000,8.342e-05,2.716e-05
1684454400,3.815e-05,5.33e-05
1684540800,-8.49e-06,4.792e-05
1684627200,5.071e-05,2.991e-05
1684713600,4.77e-05,0.0001
1684800000,0.0001,0.0001
1684886400,4.362e-05,5.858e-05
1684972800,0.0001,0.0001
1685059200,4.953e-05,7.146e-05
1685145600,7.362e-05,9.88e-05
1685232000,0.0001,0.0001
1685318400,0.0001,6.255e-05
1685404800,3.861e-05,2.32e-05
1685491200,9.865e-05,2.087e-05
1685577600,0.0001,4.735e-05
1685664000,9.946e-05,7.411e-05
1685750400,5.566e-05,4.85e-05
1685836800,0.0001,0.0001
1685923200,7.856e-05,-7.178e-05
1686009600,4.288e-05,0.0001
1686096000,4.005e-05,5.504e-05
1686182400,4.011e-05,6.616e-05
1686268800,4.404e-05,8.74e-05
1686355200,3.854e-05,4.483e-05
1686441600,5.925e-05,8.758e-05
1686528000,3.624e-05,0.0001
1686614400,6.503e-05,2.489e-05
1686700800,3.661e-05,-3.267e-05
1686787200,6.687e-05,3.916e-05
1686873600,2.36e-06,9.868e-05
1686960000,7.543e-05,3.706e-05
1687046400,6.705e-05,7.038e-05
1687132800,3.69e-05,4.365e-05
1687219200,-2.597e-05,6.357e-05
1687305600,2.551e-05,0.0001
1687392000,9.236e-05,0.0001
1687478400,0.0001,0.0001
1687564800,0.0001,0.0001
1687651200,0.0001,0.0001
1687737600,0.0001,0.0001
1687824000,0.0001,0.0001
1687910400,4.598e-05,6.574e-05
1687996800,0.0001,0.0001
1688083200,0.0001,0.0001
1688169600,0.0001,0.0001
1688256000,0.0001,0.0001
1688342400,0.0001,0.0001
1688428800,0.01,0.01
1688515200,0.01,0.01
1688601600,0.001492,0.000834
1688688000,-0.000658,0.003777
1688774400,0.001686,0.005737
1688860800,0.006153,-0.002182
1688947200,0.002995,0.00801
1689033600,0.003954,0.007041
1689120000,0.00465,-0.001147
1689206400,0.000529,0.01
1689292800,0.01,-0.007313
1689379200,0.002984,0.001965
1689465600,0.004583,0.002794
1689552000,0.006261,0.003986
1689638400,0.007477,0.01
1689724800,0.00769,0.002661
1689811200,0.005563,0.002926
1689897600,0.003717,0.002211
1689984000,0.000177,0.002908
1690070400,0.009372,0.01
1690156800,0.01,0.007738
1690243200,0.009465,0.009468
1690329600,0.005768,0.003136
1690416000,0.002876,0.00435
1690502400,0.01,0.01
1690588800,0.00753,0.008175
1690675200,0.004357,0.002369
1690761600,0.008239,0.006286
1690848000,0.01,0.01
1690934400,0.01,0.01
1691020800,0.01,0.008118
1691107200,0.01,0.004181
1691193600,0.01,0.01
1691280000,0.01,0.01
1691366400,0.01,0.01
1691452800,0.005944,0.008084
1691539200,0.008877,0.01
1691625600,0.008277,0.01
1691712000,0.007123,0.01
1691798400,0.009305,0.01
1691884800,0.01,0.01
1691971200,0.01,0.01
1692057600,0.01,0.01
1692144000,0.01,0.01
1692230400,0.01,0.01
1692316800,0.005166,-0.000274
1692403200,-0.005286,-0.003134
1692489600,-0.000193,-0.002797
1692576000,-0.001619,-0.000308
1692662400,0.003048,0.000772
1692748800,0.003247,-0.002896
1692835200,0.0049,-0.000647
1692921600,0.005218,0.003794
1693008000,0.002096,0.00015
1693094400,0.001232,-0.000371
1693180800,0.004524,0.0008
1693267200,-0.010934,0.004894
1693353600,0.003944,0.002946
1693440000,0.008105,0.002561
1693526400,0.006254,0.004983
1693612800,-0.002018,0.004831
1693699200,0.00289,0.002639
1693785600,-0.001059,5.3e-05
1693872000,0.003366,0.001756
1693958400,0.002135,0.00383
1694044800,0.006924,-0.001444
1694131200,-0.001691,-0.005121
1694217600,0.001423,-7.3e-05
1694304000,0.002609,-0.0003
1694390400,0.001838,0.00273
1694476800,-0.003502,0.00236
1694563200,0.003099,0.00043
1694649600,-0.004748,-0.002594
1694736000,0.007561,-0.001439
1694822400,-0.003161,0.000952
1694908800,0.000649,-0.000554
1694995200,-0.006774,0.002429
1695081600,-0.001756,-0.002614
1695168000,-0.000991,-1.9e-05
1695254400,0.007429,-6.3e-05
1695340800,0.002136,0.006668
1695427200,0.000209,-0.001408
1695513600,0.002887,-0.001221
1695600000,0.004792,-0.003933
1695686400,0.005626,0.009966
1695772800,0.002074,0.000693
1695859200,-0.004732,-0.00401
1695945600,0.000476,0.000643
1696032000,0.001525,0.00027
1696118400,-0.002263,0.005831
1696204800,-0.001477,0.00431
1696291200,0.0025,0.006041
1696377600,-0.002857,-0.00376
1696464000,-0.002302,-0.001081
1696550400,-0.003149,0.002187
1696636800,0.002083,0.000314
1696723200,0.005163,0.00402
1696809600,0.007838,0.006349
1696896000,0.001894,0.005928
1696982400,0.006319,0.01
1697068800,0.002661,0.006693
1697155200,0.002326,0.000122
1697241600,0.002456,-0.001465
1697328000,0.002224,0.000548
1697414400,0.009644,0.000278
1697500800,-0.002311,-0.003343
1697587200,0.001644,-0.001
1697673600,-0.011006,-0.009272
1697760000,0.002687,-0.001664
1697846400,0.005827,0.002572
1697932800,0.003115,0.008223
1698019200,0.000648,0.01
1698105600,0.01,0.01
1698192000,0.01,0.01
1698278400,0.01,0.01
1698364800,0.01,0.01
1698451200,0.01,0.01
1698537600,0.01,0.01
1698624000,0.01,0.01
1698710400,0.01,0.01
1698796800,0.01,0.01
1698883200,0.01,0.01
1698969600,0.01,0.01
1699056000,0.01,0.01
1699142400,0.01,0.01
1699228800,0.01,0.01
1699315200,0.01,0.01
1699401600,0.01,0.01
1699488000,0.020027,0.01
1699574400,0.01,0.01
1699660800,0.014648,0.01543
1699747200,0.027221,0.032545
1699833600,0.020492,0.017506
1699920000,0.014477,0.01
1700006400,0.01,0.01
1700092800,0.012014,0.01
1700179200,0.01,0.01
1700265600,0.01,0.01
1700352000,0.01,0.01
1700438400,0.01,0.01
1700524800,0.01,0.01
1700611200,0.01,0.01
1700697600,0.01,0.01
1700784000,0.01,0.01
1700870400,0.01,0.01
1700956800,0.01,0.01
1701043200,0.01,0.01
1701129600,0.01,0.01
1701216000,0.01,0.01
1701302400,0.01,0.01
1701388800,0.01,0.01
1701475200,0.008541,0.01
1701561600,0.01,0.01
1701648000,0.01,0.01
1701734400,0.01,0.01
1701820800,0.01,0.01
1701907200,0.01,0.01
1701993600,0.020242,0.011325
1702080000,0.017192,0.02081
1702166400,0.023923,0.014803
1702252800,0.01,0.01
1702339200,0.01,0.011968
1702425600,0.012601,0.01
1702512000,0.01,0.01
1702598400,0.01,0.01
1702684800,0.01,0.01
1702771200,0.01,0.013516
1702857600,0.015611,0.01
1702944000,0.01,0.010606
1703030400,0.023637,0.027143
1703116800,0.028948,0.030833
1703203200,0.018011,0.016263
1703289600,0.015066,0.01
1703376000,0.019729,0.01
1703462400,0.037908,0.043511
1703548800,0.029559,0.027727
1703635200,0.032304,0.013059
1703721600,0.050152,0.05517
1703808000,0.047082,0.033033
1703894400,0.037842,0.027941
1703980800,0.033597,0.037499
1704067200,0.033601,0.065743
1704153600,0.05373,0.021201
1704240000,0.01,0.01
1704326400,0.01,0.01
1704412800,0.01,0.01
1704499200,0.01,0.01
1704585600,0.01,0.01
1704672000,0.01,0.01
1704758400,0.01,0.01
1704844800,0.01,0.01
1704931200,0.01,0.01
1705017600,0.01,0.01
1705104000,0.01,0.01
1705190400,0.01,0.01
1705276800,0.01,0.01
1705363200,0.01,0.01
1705449600,0.01,0.01
1705536000,0.01,0.01
1705622400,0.01,0.01
1705708800,0.01,0.01
1705795200,0.01,0.01
1705881600,0.01,0.01
1705968000,0.01,0.01
1706054400,0.01,0.01
1706140800,0.01,0.01
1706227200,0.01,0.009012
1706313600,0.0083,0.01
1706400000,0.01,0.01
1706486400,0.01,0.01
1706572800,0.005149,0.002157
1706659200,0.01,0.01
1706745600,0.01,0.01
1706832000,0.01,0.007593
1706918400,0.008028,0.008311
1707004800,0.01,0.01
1707091200,0.01,0.01
1707177600,0.01,0.007582
1707264000,0.008306,0.01
1707350400,0.00259,0.003161
1707436800,0.009801,0.008041
1707523200,0.01,0.01
1707609600,0.01,0.01
1707696000,0.01,0.01
1707782400,0.01,0.01
1707868800,0.012283,0.01
1707955200,0.01,0.01
1708041600,0.01,0.01
1708128000,0.016041,0.017255
1708214400,0.017095,0.023083
1708300800,0.013327,0.010392
1708387200,0.020259,0.01
1708473600,0.01,0.01
1708560000,0.012557,0.01
1708646400,0.012991,0.01
1708732800,0.01,0.011384
1708819200,0.015062,0.026807
1708905600,0.027227,0.03234
1708992000,0.022965,0.026756
1709078400,0.053538,0.069385
1709164800,0.057031,0.053443
1709251200,0.04601,0.033552
1709337600,0.056396,0.046267
1709424000,0.044598,0.055056
1709510400,0.06362,0.049057
1709596800,0.088148,0.036663
1709683200,0.049354,0.030368
1709769600,0.054217,0.03494
1709856000,0.062913,0.019134
1709942400,0.026407,0.031097
1710028800,0.054479,0.035489
1710115200,0.066396,0.044477
1710201600,0.047935,0.033263
1710288000,0.045402,0.024472
1710374400,0.038258,0.038569
1710460800,0.015306,0.01
1710547200,0.020813,0.013089
1710633600,0.024827,0.020162
1710720000,0.027195,0.026972
1710806400,0.024018,0.015774
1710892800,0.01,0.010527
1710979200,0.01951,0.016335
1711065600,0.011993,0.01
1711152000,0.010806,0.01042
1711238400,0.015884,0.025586
1711324800,0.028815,0.021965
1711411200,0.026764,0.028794
1711497600,0.043631,0.024195
1711584000,0.02943,0.018248
1711670400,0.03017,0.019624
1711756800,0.03436,0.032404
1711843200,0.040301,0.070103
1711929600,0.027469,0.010964
1712016000,0.016456,0.01
1712102400,0.01,0.01
1712188800,0.01,0.01
1712275200,0.01,0.01
1712361600,0.01,0.01
1712448000,0.01,0.01
1712534400,0.035189,0.020915
1712620800,0.019061,0.011959
1712707200,0.01,0.013976
1712793600,0.019763,0.011258
1712880000,0.012214,0.01
1712966400,0.01,0.01
1713052800,0.01,0.01
1713139200,0.01,0.006058
1713225600,0.003513,0.006331
1713312000,0.006534,0.006937
1713398400,-0.003334,-0.003168
1713484800,0.00588,0.01
1713571200,0.004204,0.003259
1713657600,0.008271,0.004423
1713744000,0.000898,-0.001269
1713830400,-0.001083,0.001432
1713916800,0.007047,0.00702
1714003200,0.00114,0.00168
1714089600,0.005562,0.01
1714176000,0.002834,0.001023
1714262400,0.002782,0.002519
1714348800,0.006828,0.00974
1714435200,0.01,0.01
1714521600,0.009902,0.0068
1714608000,-0.000123,-0.00159
1714694400,0.008091,0.002668
1714780800,0.006265,0.006927
1714867200,0.003893,0.000578
1714953600,0.007746,0.006076
1715040000,0.009028,0.004891
1715126400,0.009292,0.005745
1715212800,0.007253,0.000968
1715299200,0.007653,0.00887
1715385600,0.005067,0.002534
1715472000,0.01,0.01
1715558400,0.009151,0.009832
1715644800,0.004392,0.01
1715731200,0.002373,0.002119
1715817600,0.003543,0.004617
1715904000,-0.000298,0.000714
1715990400,-0.000792,0.003268
1716076800,0.004779,0.005658
1716163200,0.002552,0.01
1716249600,0.01,0.01
1716336000,0.01,0.01
1716422400,0.01,0.01
1716508800,0.01,0.01
1716595200,0.01,0.01
1716681600,0.01,0.01
1716768000,0.01,0.01
1716854400,0.01,0.01
1716940800,0.012558,0.01
1717027200,0.01,0.014648
1717113600,0.01,0.01
1717200000,0.01025,0.01
1717286400,0.01,0.01
1717372800,0.01,0.011977
1717459200,0.01,0.01
1717545600,0.013226,0.01
1717632000,0.01177,0.01
1717718400,0.010166,0.01
1717804800,0.01,0.01
1717891200,0.01,0.01
1717977600,0.01,0.01
1718064000,0.01,0.01
1718150400,0.01,0.01
1718236800,0.01,0.01
1718323200,0.01,0.01
1718409600,0.01,0.01
1718496000,0.01,0.01
1718582400,0.01,0.01
1718668800,0.01,0.01
1718755200,0.002967,0.003904
1718841600,0.006879,0.003335
1718928000,0.01,0.01
1719014400,0.01,0.01
1719100800,0.004676,0.009534
1719187200,0.007488,0.007447
1719273600,0.007752,0.01
1719360000,0.01,0.01
1719446400,0.01,0.01
1719532800,0.01,0.01
1719619200,0.01,0.01
1719705600,0.01,0.01
1719792000,0.01,0.01
1719878400,0.01,0.01
1719964800,0.01,0.01
1720051200,0.01,0.01
1720137600,0.001762,0.00576
1720224000,0.00325,0.008104
1720310400,0.01,0.007989
1720396800,0.01,0.01
1720483200,0.01,0.01
1720569600,0.005485,0.01
1720656000,0.01,0.006385
1720742400,0.004037,0.008319
1720828800,0.01,0.00881
1720915200,0.008342,0.004624
1721001600,-0.000514,-0.005031
1721088000,0.002717,-0.003419
1721174400,0.002143,0.000716
1721260800,0.003127,0.004033
1721347200,0.004606,-0.003144
1721433600,0.001622,-0.005313
1721520000,0.000646,0.009105
1721606400,0.002769,0.004709
1721692800,0.004642,0.01
1721779200,0.01,0.01
1721865600,0.01,0.01
1721952000,0.00334,0.00649
1722038400,0.009109,0.008152
1722124800,0.002804,0.008361
1722211200,0.01,0.003396
1722297600,0.007691,0.003143
1722384000,0.003826,0.008208
1722470400,0.01,0.01
1722556800,0.01,0.01
1722643200,0.004247,0.01
1722729600,0.01,0.01
1722816000,0.005967,0.003466
1722902400,0.004485,-0.000849
1722988800,0.003241,0.002662
1723075200,0.001147,0.00493
1723161600,0.004846,-0.003912
1723248000,-0.001949,0.00404
1723334400,0.001185,0.0011
1723420800,-0.002238,0.006152
1723507200,-0.003902,0.001152
1723593600,-0.007811,-0.008476
1723680000,-0.006181,-0.011235
1723766400,-0.000557,0.00189
1723852800,-0.000152,0.00394
1723939200,-0.003149,-0.003616
1724025600,-0.001957,-0.00257
1724112000,0.001419,-0.006784
1724198400,0.000396,-0.002217
1724284800,-0.007261,-0.003329
1724371200,-0.004317,-0.000912
1724457600,0.006395,-0.004828
1724544000,0.003108,0.002406
1724630400,0.003789,0.00274
1724716800,0.007753,-0.006796
1724803200,0.001143,-0.00099
1724889600,0.000559,0.000936
1724976000,0.002927,-0.001718
1725062400,0.0038,0.004137
1725148800,-0.000382,-0.003476
1725235200,-0.000363,0.006228
1725321600,0.004598,0.002272
1725408000,-0.00147,0.009068
1725494400,0.00249,0.00228
1725580800,0.001428,-0.000489
1725667200,-0.007236,0.00378
1725753600,-0.005245,-0.007633
1725840000,-0.003875,-0.006028
1725926400,-0.001126,-0.00898
1726012800,-0.005212,-0.001928
1726099200,-0.00295,-2.6e-05
1726185600,-0.002443,-0.008672
1726272000,0.002326,-0.000491
1726358400,0.000402,0.002427
1726444800,0.006762,0.008523
1726531200,0.005327,0.001415
1726617600,0.004648,0.003497
1726704000,0.004072,0.008017
1726790400,0.005543,0.004576
1726876800,0.008234,0.006362
1726963200,0.005537,0.006509
1727049600,0.005304,0.002351
1727136000,-0.000182,0.001223
1727222400,0.001336,0.001654
1727308800,0.01,0.01
1727395200,0.002275,0.005455
1727481600,0.001414,0.00073
1727568000,0.007253,0.003077
1727654400,0.01,0.01
1727740800,0.01,0.006722
1727827200,0.008191,0.00439
1727913600,0.00499,0.007104
1728000000,0.000243,-0.001634
1728086400,0.000861,0.000594
1728172800,0.00418,0.004573
1728259200,0.002177,-0.001735
1728345600,0.0081,0.01
1728432000,0.007939,0.00209
1728518400,0.01,0.002258
1728604800,0.00012,0.004482
1728691200,-0.001489,0.000669
1728777600,0.003938,0.005502
1728864000,0.01,0.01
1728950400,0.01,0.008319
1729036800,0.01,0.01
1729123200,0.01,0.01
1729209600,0.01,0.01
1729296000,0.01,0.01
1729382400,0.01,0.01
1729468800,0.01,0.01
1729555200,0.01,0.01
1729641600,0.01,0.01
1729728000,0.01,0.01
1729814400,0.01,0.00474
1729900800,0.01,0.01
1729987200,0.01,0.009447
1730073600,0.008946,0.01
1730160000,0.01,0.01
1730246400,0.01,0.01
1730332800,0.01,0.01
1730419200,0.01,0.01
1730505600,0.01,0.01
1730592000,0.01,0.01
1730678400,0.01,0.01
1730764800,0.01,0.01
1730851200,0.01,0.01
1730937600,0.01,0.01
1731024000,0.01,0.01
1731110400,0.01,0.01
1731196800,0.014113,0.036878
1731283200,0.01,0.049029
1731369600,0.038754,0.01
1731456000,0.021856,0.01
1731542400,0.01,0.01
1731628800,0.010977,0.01
1731715200,0.013231,0.015798
1731801600,0.010577,0.01
1731888000,0.021318,0.021606
1731974400,0.017959,0.01
1732060800,0.01,0.01
1732147200,0.01,0.01
1732233600,0.01,0.01
1732320000,0.01,0.01
1732406400,0.023228,0.021181
1732492800,0.025233,0.021906
1732579200,0.029599,0.031334
1732665600,0.01,0.01
1732752000,0.011859,0.02071
1732838400,0.021921,0.01
1732924800,0.012063,0.015901
1733011200,0.01,0.025726
1733097600,0.013387,0.012795
1733184000,0.011952,0.026715
1733270400,0.023234,0.027596
1733356800,0.047059,0.01
1733443200,0.01,0.032032
1733529600,0.01409,0.016975
1733616000,0.01758,0.030387
1733702400,0.011115,0.01
1733788800,0.01,0.01
1733875200,0.01,0.01
1733961600,0.01,0.01
1734048000,0.01,0.00679
1734134400,0.01,0.01
1734220800,0.01,0.01
1734307200,0.009181,0.007818
1734393600,0.01,0.01
1734480000,0.01,0.01
1734566400,0.01,0.01
1734652800,0.01,0.01
1734739200,0.01,0.01
1734825600,0.009629,0.01
1734912000,0.008981,0.01
1734998400,0.01,0.01
1735084800,0.01,0.009951
1735171200,0.008585,0.01
1735257600,0.01,0.01
1735344000,0.005173,0.008052
1735430400,0.01,-8.3e-05
1735516800,0.01,0.01
1735603200,0.01,0.01
1735689600,0.01,0.01
1735776000,0.01,0.01
1735862400,0.005242,0.007654
1735948800,0.000798,0.01
1736035200,0.00832,0.01
1736121600,0.01,0.01
1736208000,0.008279,0.01
1736294400,0.01,0.01
1736380800,-0.000544,0.003932
1736467200,0.008078,0.005708
1736553600,0.002608,0.004983
1736640000,0.006647,0.005315
1736726400,0.000881,0.01
1736812800,0.009496,0.005038
1736899200,0.005844,0.000648
1736985600,0.004598,0.004597
1737072000,0.003432,0.006643
1737158400,0.01,0.01
1737244800,0.01,0.01
1737331200,0.01,0.01
1737417600,0.01,0.01
1737504000,0.01,0.008689
1737590400,0.008616,0.000336
1737676800,0.00954,0.005733
1737763200,0.007782,0.008369
1737849600,0.008443,0.009109
1737936000,9.8e-05,0.01
1738022400,0.009848,0.01
1738108800,0.009949,0.00758
1738195200,0.009499,0.001238
1738281600,0.01,0.008146
1738368000,0.005968,0.005825
1738454400,-0.000861,0.01
1738540800,0.004845,0.002627
1738627200,0.004138,-0.000461
1738713600,0.00161,0.002211
1738800000,0.005903,0.007998
1738886400,0.005167,-0.004115
1738972800,0.000324,0.003883
1739059200,0.002839,0.001783
1739145600,0.007457,0.004232
1739232000,-0.002446,0.001313
1739318400,0.00496,0.01
1739404800,0.000805,0.004144
1739491200,0.007093,7.9e-05
1739577600,0.003735,0.00339
1739664000,0.003799,0.006279
1739750400,0.002009,0.009497
1739836800,0.01,0.007007
1739923200,0.00896,0.00242
1740009600,0.007346,0.000167
1740096000,-9.7e-05,0.01
1740182400,0.002318,0.004134
1740268800,0.001478,-0.003003
1740355200,0.00205,0.01
1740441600,0.001385,0.003564
1740528000,0.01,0.00928
1740614400,0.009433,0.009444
1740700800,-0.000373,2.6e-05
1740787200,-0.000858,-0.001084
1740873600,-0.002869,-0.005518
1740960000,0.005272,-0.001628
1741046400,0.001306,0.004061
1741132800,0.005028,0.003527
1741219200,0.006818,-0.00064
1741305600,0.002028,0.005377
1741392000,0.001208,-0.002795
1741478400,0.01,0.004087
1741564800,0.004037,0.004705
1741651200,0.008746,0.0006
1741737600,0.004013,0.000489
1741824000,0.00319,0.005389
1741910400,0.000357,-0.006038
1741996800,-0.000321,0.000405
1742083200,0.001247,0.001068
1742169600,0.000859,0.000743
1742256000,0.003514,0.00023
1742342400,0.005024,0.00188
1742428800,0.001086,0.001636
1742515200,0.002518,0.002833
1742601600,0.005092,0.002127
1742688000,0.00402,0.002039
1742774400,-0.003422,-0.000279
1742860800,-0.003776,-0.003052
1742947200,-0.003082,0.003179
1743033600,-0.00376,0.001572
1743120000,0.008118,0.005407
1743206400,0.00253,0.000331
1743292800,0.004588,0.002594
1743379200,0.001845,0.00394
1743465600,0.003573,-0.002112
1743552000,0.000733,0.005862
1743638400,0.006484,0.004283
1743724800,0.008038,0.008556
1743811200,0.000408,0.00012
1743897600,-0.000603,0.004857
1743984000,0.004998,0.004017
1744070400,0.003134,0.009568
1744156800,0.006856,0.007653
1744243200,0.006775,0.002116
1744329600,0.00329,0.003769
1744416000,0.005388,0.005039
1744502400,0.009642,0.008113
1744588800,0.002428,-0.002089
1744675200,0.001883,0.002409
1744761600,0.001978,0.001375
1744848000,0.003425,0.001788
1744934400,0.002995,0.00294
1745020800,-0.001953,-0.000245
1745107200,-0.002258,0.005232
1745193600,0.001553,0.007749
1745280000,-0.007045,-0.001389
1745366400,0.004587,-0.002669
1745452800,-0.002165,-0.001853
1745539200,0.00012,-0.010085
1745625600,0.002855,-0.001423
1745712000,-0.000421,0.000373
1745798400,-0.005821,-0.000742
1745884800,0.001305,-0.005193
1745971200,-0.003797,0.003498
1746057600,-0.008028,-0.012285
1746144000,-0.008689,-0.005948
1746230400,-0.001483,0.000381
1746316800,0.003745,-0.002458
1746403200,-0.002247,0.002023
1746489600,0.000757,0.001145
1746576000,0.00132,0.002261
1746662400,0.005728,0.01
1746748800,0.004378,0.009657
1746835200,0.004257,0.01
1746921600,0.01,0.004454
1747008000,0.002301,0.006916
